experiment,Test/Cosine_Sim,Test/KL_Div,Test/MSE,Test/Cosine_Sim_Norm,Test/MSE_Norm,Test/KL_Div_Norm,score
exp_adamw_roberta_large_lr1e-05_drop0.5_bigger_mlp_epochs5_both_frozen,0.8126228352387747,0.3362646450599034,0.0224347682669758,0.8126228352387747,0.977565231733024,0.6637353549400966,2.4539234219118953
exp_adamw_roberta_base_lr5e-06_drop0.3_gelu_epochs2,0.811518594622612,0.336970292031765,0.0223426115699112,0.811518594622612,0.9776573884300888,0.663029707968235,2.452205691020936
exp_adamw_roberta_large_lr1e-05_drop0.5_gelu_epochs5_both_frozen,0.8114222884178162,0.338501863181591,0.0225142259150743,0.8114222884178162,0.9774857740849257,0.661498136818409,2.450406199321151
exp_adamw_roberta_base_lr5e-06_drop0.5_epochs2_frozen_clip,0.8120198607444763,0.3392789423465728,0.0225415602326392,0.8120198607444763,0.9774584397673608,0.6607210576534271,2.450199358165264
exp_adamw_roberta_large_lr1e-05_drop0.3_gelu_epochs5_both_frozen,0.810969889163971,0.3383443057537079,0.0225338796153663,0.810969889163971,0.9774661203846337,0.6616556942462921,2.4500917037948966
exp_adamw_roberta_base_lr1e-05_drop0.3_epochs2_frozen_clip,0.8118914008140564,0.3396047055721283,0.022557608410716,0.8118914008140564,0.977442391589284,0.6603952944278717,2.449729086831212
exp_adamw_roberta_base_lr5e-06_drop0.3_epochs2,0.8103369474411011,0.3384143933653831,0.0225168420001863,0.8103369474411011,0.9774831579998136,0.6615856066346169,2.4494057120755315
exp_adamw_roberta_base_lr5e-06_drop0.5_gelu_epochs2,0.8097011297941208,0.3380068764090538,0.0224336860701441,0.8097011297941208,0.9775663139298558,0.6619931235909462,2.449260567314923
exp_adamw_roberta_large_lr1e-05_drop0.3_bigger_mlp_epochs5_both_frozen,0.810415506362915,0.3387452438473701,0.022566485684365,0.810415506362915,0.977433514315635,0.6612547561526299,2.44910377683118
exp_adamw_roberta_base_lr1e-05_drop0.3_bigger_mlp_epochs2,0.8110690414905548,0.3394702225923538,0.0225251484662293,0.8110690414905548,0.9774748515337708,0.6605297774076462,2.4490736704319715
exp_adamw_roberta_large_lr5e-06_drop0.5_epochs2_frozen_clip,0.8096576780080795,0.3382764905691147,0.0224383599124848,0.8096576780080795,0.9775616400875152,0.6617235094308853,2.44894282752648
exp_adamw_roberta_base_lr5e-06_drop0.5_bigger_mlp_epochs2,0.8094107210636139,0.3382242321968078,0.0224486398510634,0.8094107210636139,0.9775513601489364,0.6617757678031921,2.4487378490157425
exp_adamw_roberta_large_lr1e-05_drop0.3_epochs5_both_frozen,0.8106494843959808,0.339602380990982,0.0225768703967332,0.8106494843959808,0.9774231296032668,0.6603976190090179,2.4484702330082655
exp_adamw_roberta_base_lr1e-05_drop0.5_epochs2_frozen_clip,0.8112417221069336,0.3401404321193694,0.0226348191499709,0.8112417221069336,0.977365180850029,0.6598595678806305,2.448466470837593
exp_adamw_roberta_large_lr5e-05_drop0.3_hierarchical_epochs2_frozen_clip,0.8113789260387421,0.3406684473156929,0.0226026698946952,0.8113789260387421,0.9773973301053048,0.6593315526843071,2.448107808828354
exp_adamw_roberta_base_lr5e-06_drop0.5_epochs2,0.8098303079605103,0.3391982838511467,0.0225552511401474,0.8098303079605103,0.9774447488598526,0.6608017161488533,2.448076772969216
exp_adamw_roberta_base_lr1e-05_drop0.3_gelu_epochs2,0.8107946962118149,0.3402371406555176,0.0225579370744526,0.8107946962118149,0.9774420629255474,0.6597628593444824,2.4479996184818447
exp_adamw_roberta_large_lr5e-06_drop0.5_gelu_epochs2,0.8096248507499695,0.339090459048748,0.0225565889850258,0.8096248507499695,0.9774434110149742,0.660909540951252,2.4479778027161956
exp_adamw_roberta_large_lr5e-06_drop0.5_epochs2,0.8085314205714634,0.3381356128624507,0.0224937309644051,0.8085314205714634,0.9775062690355948,0.6618643871375492,2.4479020767446076
exp_adamw_roberta_base_lr1e-05_drop0.5_bigger_mlp_epochs2,0.8111155778169632,0.3406276851892471,0.0226162010803818,0.8111155778169632,0.9773837989196182,0.6593723148107529,2.447871691547334
exp_adamw_roberta_base_lr1e-05_drop0.3_gelu_epochs5_both_frozen,0.8103755861520767,0.3399567902088165,0.0226147458888589,0.8103755861520767,0.9773852541111412,0.6600432097911835,2.447804050054401
exp_adamw_roberta_large_lr5e-06_drop0.3_gelu_epochs5_both_frozen,0.8101156949996948,0.3399751782417297,0.0226272144354879,0.8101156949996948,0.977372785564512,0.6600248217582703,2.447513302322477
exp_roberta_large_lr1e-05_drop0.3_epochs5_both_frozen,0.8105920702219009,0.34058478474617,0.0226390892639756,0.8105920702219009,0.9773609107360244,0.65941521525383,2.4473681962117553
exp_adamw_roberta_base_lr1e-05_drop0.5_gelu_epochs2,0.8101625889539719,0.3404189124703407,0.0225917040370404,0.8101625889539719,0.9774082959629596,0.6595810875296593,2.4471519724465907
exp_roberta_large_lr1e-05_drop0.5_epochs5_both_frozen,0.8105217516422272,0.3408338651061058,0.0226610950194298,0.8105217516422272,0.9773389049805702,0.6591661348938942,2.447026791516691
exp_adamw_roberta_base_lr5e-06_drop0.3_epochs2_frozen_clip,0.8101383447647095,0.3405943751335143,0.0226958282291888,0.8101383447647095,0.9773041717708112,0.6594056248664857,2.4468481414020062
exp_roberta_base_lr5e-06_drop0.5_epochs2,0.8103727996349335,0.3410126268863678,0.022605713456869,0.8103727996349335,0.9773942865431308,0.6589873731136322,2.4467544592916965
exp_adamw_roberta_base_lr1e-05_drop0.3_bigger_mlp_epochs2_frozen_clip,0.8094299286603928,0.3401116728782654,0.0226517221890389,0.8094299286603928,0.977348277810961,0.6598883271217346,2.4466665335930884
exp_adamw_roberta_base_lr1e-05_drop0.3_bigger_mlp_epochs5_both_frozen,0.8093731105327606,0.3402996212244034,0.0226627704687416,0.8093731105327606,0.9773372295312583,0.6597003787755966,2.4464107188396156
exp_adamw_roberta_large_lr5e-06_drop0.3_bigger_mlp_epochs5_both_frozen,0.809402123093605,0.3403609693050384,0.0226554917171597,0.809402123093605,0.9773445082828404,0.6596390306949615,2.446385662071407
exp_adamw_roberta_base_lr5e-06_drop0.3_bigger_mlp_epochs2_frozen_clip,0.8088779002428055,0.3400462791323662,0.022596382535994,0.8088779002428055,0.977403617464006,0.6599537208676338,2.4462352385744452
exp_adamw_roberta_base_lr5e-06_drop0.5_bigger_mlp_epochs2_frozen_clip,0.8097105920314789,0.3409959748387337,0.0225886567495762,0.8097105920314789,0.9774113432504236,0.6590040251612663,2.446125960443169
exp_adamw_roberta_base_lr1e-05_drop0.5_gelu_epochs2_frozen_clip,0.8090122491121292,0.3403609320521354,0.0226227161474525,0.8090122491121292,0.9773772838525474,0.6596390679478645,2.446028600912541
exp_adamw_roberta_base_lr1e-05_drop0.5_gelu_epochs5_both_frozen,0.8098346441984177,0.3411270901560783,0.0226935730315744,0.8098346441984177,0.9773064269684256,0.6588729098439217,2.446013981010765
exp_adamw_roberta_base_lr1e-05_drop0.5_bigger_mlp_epochs2_frozen_clip,0.8089187294244766,0.3403334394097328,0.0226107579655945,0.8089187294244766,0.9773892420344056,0.6596665605902672,2.4459745320491493
exp_adamw_roberta_large_lr5e-06_drop0.5_gelu_epochs5_both_frozen,0.8098302185535431,0.3412266373634338,0.0226761745288967,0.8098302185535431,0.9773238254711032,0.6587733626365662,2.4459274066612124
exp_roberta_base_lr1e-05_drop0.3_epochs5_both_frozen,0.8098468333482742,0.3413062766194343,0.0226282575167715,0.8098468333482742,0.9773717424832284,0.6586937233805656,2.4459122992120683
exp_adamw_roberta_base_lr5e-06_drop0.5_gelu_epochs2_frozen_clip,0.8089969307184219,0.3407069072127341,0.0225830553099512,0.8089969307184219,0.9774169446900488,0.6592930927872658,2.4457069681957364
exp_roberta_base_lr1e-05_drop0.5_epochs5_both_frozen,0.809955045580864,0.341629259288311,0.0226430650800466,0.809955045580864,0.9773569349199532,0.658370740711689,2.4456827212125063
exp_adamw_roberta_base_lr5e-06_drop0.3_epochs2_frozen_roberta,0.8104747533798218,0.3419957101345062,0.0227975945919751,0.8104747533798218,0.9772024054080248,0.6580042898654938,2.4456814486533403
exp_adamw_roberta_large_lr5e-06_drop0.5_gelu_epochs2_frozen_roberta,0.8088488578796387,0.340851716697216,0.0225750850513576,0.8088488578796387,0.9774249149486424,0.659148283302784,2.445422056131065
exp_adamw_roberta_large_lr5e-06_drop0.3_epochs5_both_frozen,0.8095373660326004,0.34177877753973,0.0227150544524192,0.8095373660326004,0.9772849455475808,0.6582212224602699,2.445043534040451
exp_adamw_roberta_base_lr1e-05_drop0.5_epochs5_both_frozen,0.8090129643678665,0.3414302766323089,0.0227118046022951,0.8090129643678665,0.977288195397705,0.658569723367691,2.4448708831332624
exp_adamw_roberta_base_lr1e-05_drop0.3_epochs5_both_frozen,0.8088020831346512,0.3412288427352905,0.0227174879983067,0.8088020831346512,0.9772825120016932,0.6587711572647095,2.444855752401054
exp_roberta_large_lr5e-06_drop0.5_epochs2_frozen_clip,0.8079217672348022,0.3405209481716156,0.0226112692616879,0.8079217672348022,0.977388730738312,0.6594790518283844,2.4447895498014987
exp_adamw_roberta_large_lr1e-05_drop0.5_epochs5_frozen_roberta,0.8093885034322739,0.3419206589460373,0.022734725382179,0.8093885034322739,0.977265274617821,0.6580793410539627,2.4447331191040576
exp_adamw_roberta_large_lr1e-05_drop0.3_epochs2_both_frozen,0.809190422296524,0.3417896032333374,0.022673931904137,0.809190422296524,0.977326068095863,0.6582103967666626,2.4447268871590495
exp_adamw_roberta_large_lr5e-06_drop0.3_epochs2_frozen_clip,0.8075483590364456,0.3403422608971596,0.0226121735759079,0.8075483590364456,0.977387826424092,0.6596577391028404,2.444593924563378
exp_adamw_roberta_base_lr1e-05_drop0.3_epochs2_both_frozen,0.810296893119812,0.3429117739200592,0.0228282921016215,0.810296893119812,0.9771717078983784,0.6570882260799408,2.4445568270981313
exp_adamw_roberta_base_lr1e-05_drop0.5_bigger_mlp_epochs5_both_frozen,0.8088275045156479,0.3415905833244324,0.0227391407825052,0.8088275045156479,0.9772608592174948,0.6584094166755676,2.4444977804087102
exp_adamw_roberta_large_lr5e-06_drop0.5_epochs5_both_frozen,0.8094934076070786,0.3423044383525848,0.0227301758714019,0.8094934076070786,0.977269824128598,0.6576955616474152,2.4444587933830917
exp_roberta_base_lr5e-06_drop0.3_epochs2,0.8096489757299423,0.3424491509795188,0.0227449913509189,0.8096489757299423,0.977255008649081,0.6575508490204811,2.4444548333995044
exp_adamw_roberta_large_lr5e-06_drop0.5_bigger_mlp_epochs5_both_frozen,0.8091747611761093,0.3421525731682777,0.022730030119419,0.8091747611761093,0.9772699698805808,0.6578474268317223,2.4442921578884125
exp_adamw_roberta_large_lr1e-05_drop0.5_epochs2_frozen_clip,0.8076137453317642,0.3407021313905716,0.022639607079327,0.8076137453317642,0.9773603929206728,0.6592978686094284,2.4442720068618655
exp_adamw_roberta_base_lr5e-06_drop0.3_gelu_epochs2_frozen_clip,0.807847410440445,0.3409830331802368,0.0226697707548736,0.807847410440445,0.9773302292451262,0.6590169668197632,2.4441946065053344
exp_adamw_roberta_large_lr5e-06_drop0.3_bigger_mlp_epochs2_frozen_roberta,0.8074826449155807,0.34097570925951,0.0226346980780362,0.8074826449155807,0.9773653019219636,0.65902429074049,2.4438722375780344
exp_roberta_large_lr1e-05_drop0.5_epochs2,0.8083526641130447,0.341819517314434,0.0227021281607448,0.8083526641130447,0.9772978718392552,0.658180482685566,2.443831018637866
exp_adamw_roberta_large_lr5e-06_drop0.5_epochs2_frozen_roberta,0.8082228600978851,0.3417445942759513,0.0226869899779557,0.8082228600978851,0.9773130100220442,0.6582554057240486,2.443791275843978
exp_roberta_large_lr5e-06_drop0.5_epochs2,0.807183101773262,0.340796411037445,0.0226954412646591,0.807183101773262,0.977304558735341,0.6592035889625549,2.443691249471158
exp_adamw_roberta_base_lr1e-05_drop0.3_gelu_epochs2_frozen_clip,0.8084246665239334,0.3420656919479369,0.0227400930598377,0.8084246665239334,0.9772599069401624,0.657934308052063,2.4436188815161586
exp_adamw_roberta_large_lr1e-05_drop0.5_epochs2_both_frozen,0.8089578151702881,0.3428468108177184,0.0227289940230548,0.8089578151702881,0.9772710059769452,0.6571531891822815,2.4433820103295147
exp_adamw_roberta_base_lr5e-06_drop0.3_bigger_mlp_epochs2,0.8077175170183182,0.3416512012481689,0.0227696788497268,0.8077175170183182,0.9772303211502732,0.658348798751831,2.4432966369204223
exp_adamw_roberta_large_lr5e-06_drop0.3_gelu_epochs2_frozen_roberta,0.8077402263879776,0.3417457118630408,0.0227468344382941,0.8077402263879776,0.977253165561706,0.6582542881369591,2.4432476800866425
exp_adamw_roberta_large_lr5e-05_drop0.3_hierarchical_epochs2_both_frozen,0.8090141117572784,0.3429959118366241,0.0228677373379468,0.8090141117572784,0.9771322626620532,0.6570040881633759,2.4431504625827074
exp_adamw_roberta_base_lr5e-06_drop0.5_epochs2_frozen_roberta,0.8097895860671998,0.3439978659152984,0.0228970408439635,0.8097895860671998,0.9771029591560364,0.6560021340847015,2.442894679307938
exp_adamw_roberta_base_lr1e-05_drop0.5_epochs2_both_frozen,0.8100895285606384,0.3443417191505432,0.0229020629078149,0.8100895285606384,0.9770979370921852,0.6556582808494569,2.4428457465022806
exp_roberta_large_lr5e-06_drop0.3_epochs5_both_frozen,0.8090205192565918,0.3433822840452194,0.0228322716429829,0.8090205192565918,0.9771677283570172,0.6566177159547806,2.4428059635683894
exp_adamw_roberta_large_lr1e-05_drop0.5_gelu_epochs5_frozen_roberta,0.8085831105709076,0.3429873138666153,0.0228225560858845,0.8085831105709076,0.9771774439141154,0.6570126861333847,2.4427732406184077
exp_adamw_roberta_base_lr5e-06_drop0.3_gelu_epochs5_both_frozen,0.8085874319076538,0.3431358486413955,0.0228325533680617,0.8085874319076538,0.9771674466319382,0.6568641513586044,2.4426190298981965
exp_roberta_large_lr5e-06_drop0.5_epochs5_both_frozen,0.808920606970787,0.3437388837337493,0.022854025941342,0.808920606970787,0.977145974058658,0.6562611162662506,2.4423276972956955
exp_adamw_roberta_large_lr1e-05_drop0.3_bigger_mlp_epochs2_both_frozen,0.8078147023916245,0.3427424430847168,0.0228243782185017,0.8078147023916245,0.9771756217814982,0.6572575569152832,2.442247881088406
exp_adamw_roberta_large_lr5e-05_drop0.5_hierarchical_epochs2_frozen_clip,0.8099983632564545,0.3449541876713435,0.0228590645516911,0.8099983632564545,0.9771409354483088,0.6550458123286564,2.44218511103342
exp_roberta_large_lr5e-06_drop0.5_epochs2_frozen_roberta,0.8070470243692398,0.3422206863760948,0.0227381861768662,0.8070470243692398,0.9772618138231336,0.6577793136239052,2.4420881518162787
exp_adamw_roberta_base_lr5e-06_drop0.3_bigger_mlp_epochs5_both_frozen,0.8078377693891525,0.3429631367325783,0.0228307908400892,0.8078377693891525,0.9771692091599108,0.6570368632674217,2.442043841816485
exp_roberta_large_lr1e-05_drop0.3_epochs2_both_frozen,0.8083807826042175,0.343630701303482,0.0228086477145552,0.8083807826042175,0.9771913522854448,0.6563692986965179,2.44194143358618
exp_roberta_base_lr5e-06_drop0.3_epochs5_both_frozen,0.8086409419775009,0.3439380526542663,0.0228117229416966,0.8086409419775009,0.9771882770583034,0.6560619473457336,2.441891166381538
exp_adamw_roberta_base_lr1e-05_drop0.3_gelu_epochs2_frozen_roberta,0.8075017035007477,0.3432884514331817,0.0227729878388344,0.8075017035007477,0.9772270121611656,0.6567115485668182,2.4414402642287314
exp_adamw_roberta_base_lr5e-06_drop0.3_epochs5_both_frozen,0.8078132271766663,0.3436083346605301,0.0228593051433562,0.8078132271766663,0.9771406948566436,0.6563916653394699,2.44134558737278
exp_adamw_roberta_large_lr1e-05_drop0.3_epochs2,0.8066530823707581,0.3427837967872619,0.0227134764194488,0.8066530823707581,0.9772865235805512,0.6572162032127381,2.4411558091640475
exp_roberta_base_lr1e-05_drop0.3_epochs2_frozen_clip,0.808072566986084,0.3441303074359894,0.0228100600652396,0.808072566986084,0.9771899399347604,0.6558696925640106,2.441132199484855
exp_adamw_roberta_large_lr1e-05_drop0.5_gelu_epochs2_frozen_roberta,0.8072177469730377,0.3432395756244659,0.0228641144931316,0.8072177469730377,0.9771358855068684,0.6567604243755341,2.44111405685544
exp_roberta_base_lr5e-06_drop0.5_epochs2_frozen_clip,0.807416096329689,0.3435049951076507,0.0228071259334683,0.807416096329689,0.9771928740665315,0.6564950048923492,2.44110397528857
exp_adamw_roberta_large_lr5e-06_drop0.3_gelu_epochs2,0.8069359064102173,0.3431843146681785,0.0229459200054406,0.8069359064102173,0.9770540799945594,0.6568156853318214,2.440805671736598
exp_adamw_roberta_large_lr5e-06_drop0.5_bigger_mlp_epochs2_frozen_clip,0.8069719672203064,0.343374490737915,0.0228305710479616,0.8069719672203064,0.9771694289520384,0.656625509262085,2.4407669054344296
exp_roberta_large_lr1e-05_drop0.5_epochs2_both_frozen,0.8080420345067978,0.3444502800703048,0.0228693140670656,0.8080420345067978,0.9771306859329344,0.6555497199296951,2.440722440369427
exp_adamw_roberta_base_lr5e-06_drop0.3_gelu_epochs2_frozen_roberta,0.8063509166240692,0.3429061323404312,0.0227402267046272,0.8063509166240692,0.9772597732953728,0.6570938676595688,2.4407045575790107
exp_adamw_roberta_large_lr1e-05_drop0.5_bigger_mlp_epochs2_both_frozen,0.8080584704875946,0.3444812893867492,0.0228795371949672,0.8080584704875946,0.9771204628050328,0.6555187106132507,2.440697643905878
exp_roberta_base_lr5e-06_drop0.5_epochs5_both_frozen,0.808307096362114,0.3448355048894881,0.0228666071780025,0.808307096362114,0.9771333928219974,0.6551644951105118,2.440604984294623
exp_adamw_roberta_large_lr1e-05_drop0.5_epochs2,0.8061028122901917,0.3427068352699279,0.0228436794131993,0.8061028122901917,0.9771563205868006,0.657293164730072,2.440552297607064
exp_adamw_roberta_large_lr5e-06_drop0.3_bigger_mlp_epochs2,0.8061596602201462,0.342730738222599,0.0228787101805209,0.8061596602201462,0.977121289819479,0.657269261777401,2.440550211817026
exp_adamw_roberta_large_lr1e-05_drop0.5_bigger_mlp_epochs2_frozen_clip,0.8075481653213501,0.344142735004425,0.0228624371811747,0.8075481653213501,0.9771375628188252,0.655857264995575,2.4405429931357503
exp_adamw_roberta_large_lr1e-05_drop0.3_gelu_epochs2_frozen_roberta,0.8064298927783966,0.3430920466780662,0.0228982591070234,0.8064298927783966,0.9771017408929764,0.6569079533219337,2.440439586993307
exp_adamw_roberta_large_lr5e-06_drop0.5_bigger_mlp_epochs2_frozen_roberta,0.8072409629821777,0.3447199910879134,0.0228307452052831,0.8072409629821777,0.9771692547947168,0.6552800089120865,2.439690226688981
exp_roberta_base_lr5e-06_drop0.5_epochs2_frozen_roberta,0.8077196031808853,0.345224030315876,0.0229021138511597,0.8077196031808853,0.9770978861488402,0.654775969684124,2.4395934590138495
exp_roberta_base_lr1e-05_drop0.5_epochs2_frozen_clip,0.8072703778743744,0.3449514135718345,0.022891234140843,0.8072703778743744,0.9771087658591568,0.6550485864281654,2.4394277301616967
exp_adamw_roberta_large_lr1e-05_drop0.3_bigger_mlp_epochs2_frozen_clip,0.8077279627323151,0.3453651145100593,0.0229413374327122,0.8077279627323151,0.9770586625672878,0.6546348854899406,2.4394215107895434
exp_adamw_roberta_base_lr1e-05_drop0.3_gelu_epochs2_both_frozen,0.8069243431091309,0.344637744128704,0.0229420596733689,0.8069243431091309,0.9770579403266312,0.6553622558712959,2.439344539307058
exp_adamw_roberta_base_lr1e-05_drop0.3_bigger_mlp_epochs2_both_frozen,0.8063597828149796,0.3442981317639351,0.0229226658120751,0.8063597828149796,0.9770773341879248,0.6557018682360649,2.4391389852389693
exp_adamw_roberta_base_lr5e-06_drop0.5_epochs5_both_frozen,0.8070355504751205,0.3450755551457404,0.0229400377720594,0.8070355504751205,0.9770599622279406,0.6549244448542595,2.4390199575573206
exp_adamw_roberta_base_lr5e-06_drop0.5_gelu_epochs5_both_frozen,0.8072765320539474,0.3453709706664085,0.0229709059931337,0.8072765320539474,0.9770290940068664,0.6546290293335915,2.438934655394405
exp_adamw_roberta_base_lr1e-05_drop0.5_bigger_mlp_epochs2_frozen_roberta,0.8055622577667236,0.3439883887767792,0.0228259931318461,0.8055622577667236,0.9771740068681538,0.6560116112232208,2.4387478758580983
exp_adamw_roberta_large_lr5e-06_drop0.3_epochs2,0.8047777056694031,0.3432260513305664,0.0228826619684695,0.8047777056694031,0.9771173380315304,0.6567739486694336,2.438668992370367
exp_roberta_large_lr5e-06_drop0.3_epochs2_frozen_clip,0.8053890615701675,0.343875952064991,0.0228651519864797,0.8053890615701675,0.9771348480135204,0.656124047935009,2.438647957518697
exp_roberta_base_lr1e-05_drop0.3_epochs2_both_frozen,0.8072158396244049,0.3456465676426887,0.0229441886767744,0.8072158396244049,0.9770558113232256,0.6543534323573112,2.4386250833049417
exp_adamw_roberta_large_lr1e-05_drop0.3_epochs2_frozen_clip,0.8049963712692261,0.3435607329010963,0.0228872555308043,0.8049963712692261,0.9771127444691956,0.6564392670989037,2.4385483828373253
exp_adamw_roberta_large_lr5e-06_drop0.3_epochs2_both_frozen,0.8074392378330231,0.346183605492115,0.0229215989820658,0.8074392378330231,0.9770784010179342,0.653816394507885,2.438334033358842
exp_roberta_base_lr5e-06_drop0.3_epochs2_frozen_clip,0.8063369989395142,0.3451793491840362,0.0229586991481482,0.8063369989395142,0.9770413008518516,0.6548206508159637,2.4381989506073296
exp_adamw_roberta_large_lr1e-05_drop0.5_epochs5_both_frozen,0.8044569293657938,0.3435624539852142,0.0228011049330234,0.8044569293657938,0.9771988950669764,0.6564375460147858,2.438093370447556
exp_adamw_roberta_large_lr5e-06_drop0.3_bigger_mlp_epochs2_both_frozen,0.8072127848863602,0.3462905213236809,0.0229533929377794,0.8072127848863602,0.9770466070622206,0.6537094786763191,2.4379688706249
exp_adamw_roberta_large_lr5e-05_drop0.5_hierarchical_epochs2_frozen_roberta,0.8071376780668894,0.3463090658187866,0.023012620396912,0.8071376780668894,0.976987379603088,0.6536909341812134,2.4378159918511906
exp_adamw_roberta_base_lr5e-06_drop0.5_bigger_mlp_epochs5_both_frozen,0.8062570095062256,0.3456504121422767,0.0229901303537189,0.8062570095062256,0.977009869646281,0.6543495878577232,2.43761646701023
exp_roberta_base_lr5e-06_drop0.3_epochs2_frozen_roberta,0.8072690218687057,0.3466982766985893,0.0230801505967974,0.8072690218687057,0.9769198494032026,0.6533017233014107,2.437490594573319
exp_roberta_large_lr1e-05_drop0.5_epochs2_frozen_clip,0.8058669865131378,0.3454334065318107,0.0229622856713831,0.8058669865131378,0.9770377143286167,0.6545665934681892,2.437471294309944
exp_roberta_base_lr1e-05_drop0.5_epochs2_both_frozen,0.8069989234209061,0.34656323492527,0.0230007171630859,0.8069989234209061,0.976999282836914,0.6534367650747299,2.43743497133255
exp_adamw_roberta_large_lr5e-05_drop0.5_hierarchical_epochs2,0.8078628679116567,0.3473545461893081,0.023097541493674,0.8078628679116567,0.976902458506326,0.6526454538106918,2.4374107802286744
exp_adamw_roberta_large_lr1e-05_drop0.3_bigger_mlp_epochs2_frozen_roberta,0.8052529394626617,0.3449025973677635,0.0230174930766224,0.8052529394626617,0.9769825069233776,0.6550974026322365,2.4373328490182757
exp_roberta_large_lr5e-06_drop0.3_epochs2,0.8054167181253433,0.3450527116656303,0.0230422583408653,0.8054167181253433,0.9769577416591346,0.6549472883343697,2.4373217481188476
exp_roberta_base_lr1e-05_drop0.5_epochs2,0.8072868436574936,0.3469622433185577,0.0230594803579151,0.8072868436574936,0.9769405196420848,0.6530377566814423,2.4372651199810207
exp_adamw_roberta_large_lr5e-05_drop0.5_hierarchical_epochs2_both_frozen,0.8064455687999725,0.3463325003782908,0.0230252631008624,0.8064455687999725,0.9769747368991376,0.6536674996217091,2.437087805320819
exp_adamw_roberta_base_lr1e-05_drop0.5_epochs2_frozen_roberta,0.8084760546684265,0.3482225716114043,0.0232199762016534,0.8084760546684265,0.9767800237983466,0.6517774283885956,2.437033506855369
exp_adamw_roberta_base_lr5e-06_drop0.3_epochs2_both_frozen,0.8086645245552063,0.3485524177551269,0.0231379337608813,0.8086645245552063,0.9768620662391186,0.6514475822448731,2.4369741730391983
exp_adamw_roberta_large_lr1e-05_drop0.5_bigger_mlp_epochs2,0.8060190081596375,0.3461304306983948,0.0230495529249309,0.8060190081596375,0.9769504470750692,0.6538695693016052,2.4368390245363116
exp_adamw_roberta_large_lr5e-06_drop0.5_bigger_mlp_epochs2,0.8054885119199753,0.3457524254918098,0.0230590952560305,0.8054885119199753,0.9769409047439696,0.6542475745081902,2.436676991172135
exp_adamw_roberta_large_lr1e-05_drop0.5_gelu_epochs2,0.8061438798904419,0.3464989960193634,0.0231025153771042,0.8061438798904419,0.9768974846228958,0.6535010039806366,2.436542368493974
exp_adamw_roberta_large_lr1e-05_drop0.5_bigger_mlp_epochs2_frozen_roberta,0.8056078255176544,0.3461061343550681,0.0230248407460748,0.8056078255176544,0.9769751592539252,0.6538938656449318,2.4364768504165113
exp_adamw_roberta_base_lr5e-06_drop0.3_bigger_mlp_epochs2_frozen_roberta,0.8043010383844376,0.3451477661728858,0.022905219811946,0.8043010383844376,0.9770947801880538,0.6548522338271141,2.4362480523996055
exp_adamw_roberta_base_lr1e-05_drop0.5_gelu_epochs2_both_frozen,0.8061463981866837,0.3468908593058586,0.0230668308213352,0.8061463981866837,0.9769331691786648,0.6531091406941414,2.4361887080594897
exp_roberta_large_lr5e-06_drop0.3_epochs2_both_frozen,0.8067077845335007,0.3474756106734276,0.0230555934831499,0.8067077845335007,0.97694440651685,0.6525243893265724,2.436176580376923
exp_adamw_roberta_base_lr1e-05_drop0.3_epochs2,0.8063994944095612,0.3473260998725891,0.0230936414251724,0.8063994944095612,0.9769063585748275,0.6526739001274109,2.4359797531117997
exp_adamw_roberta_base_lr1e-05_drop0.5_gelu_epochs2_frozen_roberta,0.8054396361112595,0.3469586968421936,0.0230210707522928,0.8054396361112595,0.9769789292477072,0.6530413031578064,2.435459868516773
exp_adamw_roberta_base_lr1e-05_drop0.5_bigger_mlp_epochs2_both_frozen,0.8055329322814941,0.3471004962921142,0.0230727680027484,0.8055329322814941,0.9769272319972516,0.6528995037078857,2.4353596679866314
exp_adamw_roberta_base_lr1e-05_drop0.3_bigger_mlp_epochs2_frozen_roberta,0.8037858307361603,0.3455166965723037,0.0230177477933465,0.8037858307361603,0.9769822522066536,0.6544833034276962,2.43525138637051
exp_adamw_roberta_large_lr5e-06_drop0.5_epochs2_both_frozen,0.8072501868009567,0.3489631190896033,0.0230736467055976,0.8072501868009567,0.9769263532944024,0.6510368809103966,2.4352134210057557
exp_adamw_roberta_base_lr1e-05_drop0.3_epochs2_frozen_roberta,0.8058380365371705,0.3476732254028319,0.02324356213212,0.8058380365371705,0.97675643786788,0.652326774597168,2.4349212490022185
exp_roberta_base_lr1e-05_drop0.3_epochs2_frozen_roberta,0.8057817369699478,0.3480877503752708,0.0231633274815976,0.8057817369699478,0.9768366725184024,0.6519122496247292,2.4345306591130793
exp_roberta_large_lr5e-06_drop0.5_epochs2_both_frozen,0.8063948750495911,0.3488216549158096,0.0231255153194069,0.8063948750495911,0.9768744846805932,0.6511783450841904,2.4344477048143744
exp_adamw_roberta_large_lr5e-06_drop0.3_bigger_mlp_epochs2_frozen_clip,0.8039507865905762,0.3465514555573463,0.0231336359865963,0.8039507865905762,0.9768663640134037,0.6534485444426537,2.4342656950466335
exp_adamw_roberta_large_lr5e-06_drop0.5_bigger_mlp_epochs2_both_frozen,0.807873323559761,0.3504907563328743,0.0231488500721752,0.807873323559761,0.9768511499278248,0.6495092436671257,2.4342337171547115
exp_adamw_roberta_large_lr5e-05_drop0.3_hierarchical_epochs2,0.8064448734124502,0.349524271984895,0.0233205178131659,0.8064448734124502,0.976679482186834,0.650475728015105,2.4336000836143894
exp_adamw_roberta_large_lr1e-05_drop0.3_bigger_mlp_epochs2,0.8051668405532837,0.3484233394265174,0.02319936780259,0.8051668405532837,0.97680063219741,0.6515766605734825,2.433544133324176
exp_adamw_roberta_base_lr5e-06_drop0.5_epochs2_both_frozen,0.808473002910614,0.3516770184040069,0.0233128432184457,0.808473002910614,0.9766871567815544,0.648322981595993,2.4334831412881615
exp_roberta_large_lr1e-05_drop0.5_epochs2_frozen_roberta,0.8031973540782928,0.347237080335617,0.0231905919499694,0.8031973540782928,0.9768094080500304,0.6527629196643829,2.4327696817927063
exp_roberta_large_lr1e-05_drop0.5_epochs5_frozen_roberta,0.8053348064422607,0.3494755625724792,0.0232741627842187,0.8053348064422607,0.9767258372157812,0.6505244374275208,2.4325850810855627
exp_adamw_roberta_large_lr1e-05_drop0.3_gelu_epochs2_both_frozen,0.8036197781562805,0.3479488730430602,0.0231726009398698,0.8036197781562805,0.9768273990601302,0.6520511269569398,2.4324983041733503
exp_adamw_roberta_large_lr1e-05_drop0.3_gelu_epochs2,0.805133730173111,0.3494185656309128,0.023327593691647,0.805133730173111,0.976672406308353,0.6505814343690872,2.432387570850551
exp_adamw_roberta_base_lr5e-06_drop0.3_bigger_mlp_epochs2_both_frozen,0.8056814670562744,0.350091889500618,0.023214935325086,0.8056814670562744,0.976785064674914,0.649908110499382,2.4323746422305703
exp_adamw_roberta_base_lr1e-05_drop0.5_epochs2,0.8038292050361633,0.3483114242553711,0.0231730636209249,0.8038292050361633,0.9768269363790753,0.6516885757446289,2.432344717159867
exp_roberta_base_lr1e-05_drop0.3_epochs2,0.8051550507545471,0.3498638242483139,0.0232345171272754,0.8051550507545471,0.9767654828727246,0.6501361757516861,2.4320567093789576
exp_adamw_roberta_base_lr5e-06_drop0.3_gelu_epochs2_both_frozen,0.805906668305397,0.350605346262455,0.0232529756613075,0.805906668305397,0.9767470243386924,0.649394653737545,2.4320483463816345
exp_adamw_roberta_large_lr1e-05_drop0.5_gelu_epochs2_both_frozen,0.8039152503013611,0.3487663030624389,0.0231634225696324,0.8039152503013611,0.9768365774303676,0.6512336969375611,2.43198552466929
exp_adamw_roberta_large_lr1e-05_drop0.5_epochs2_frozen_roberta,0.8029763460159302,0.3479358732700348,0.023148400709033,0.8029763460159302,0.976851599290967,0.6520641267299652,2.431892072036862
exp_roberta_base_lr5e-06_drop0.3_epochs2_both_frozen,0.8056898415088654,0.3506832346320152,0.0232231146655976,0.8056898415088654,0.9767768853344024,0.6493167653679848,2.4317834922112525
exp_adamw_roberta_large_lr5e-06_drop0.3_epochs2_frozen_roberta,0.8023782670497894,0.3479262962937355,0.0231158346869051,0.8023782670497894,0.9768841653130949,0.6520737037062645,2.431336136069149
exp_adamw_roberta_large_lr5e-05_drop0.3_hierarchical_epochs2_frozen_roberta,0.8048795560995737,0.3507822155952453,0.0235021673142909,0.8048795560995737,0.976497832685709,0.6492177844047546,2.4305951731900373
exp_adamw_roberta_large_lr1e-05_drop0.3_epochs2_frozen_roberta,0.8018968105316162,0.3481828391551971,0.0231995448470114,0.8018968105316162,0.9768004551529884,0.6518171608448029,2.430514426529408
exp_roberta_large_lr1e-05_drop0.3_epochs2,0.8016713976860046,0.3485819458961486,0.0232052188366651,0.8016713976860046,0.9767947811633348,0.6514180541038513,2.429884232953191
exp_roberta_base_lr1e-05_drop0.5_epochs2_frozen_roberta,0.804108589887619,0.3509498313069343,0.0232798708602785,0.804108589887619,0.9767201291397214,0.6490501686930656,2.429878887720406
exp_adamw_roberta_base_lr5e-06_drop0.5_gelu_epochs2_frozen_roberta,0.8026514798402786,0.3495586737990379,0.0232297834008931,0.8026514798402786,0.9767702165991068,0.6504413262009621,2.4298630226403475
exp_roberta_base_lr5e-06_drop0.5_epochs2_both_frozen,0.8054722398519516,0.3524503260850906,0.0233204024843871,0.8054722398519516,0.9766795975156128,0.6475496739149094,2.429701511282474
exp_adamw_roberta_large_lr5e-06_drop0.3_gelu_epochs2_both_frozen,0.803536593914032,0.350642043352127,0.0232250619679688,0.803536593914032,0.9767749380320312,0.6493579566478729,2.4296694885939356
exp_roberta_large_lr1e-05_drop0.3_epochs2_frozen_roberta,0.8005958676338196,0.347687828540802,0.0233443696051835,0.8005958676338196,0.9766556303948164,0.652312171459198,2.429563669487834
exp_adamw_roberta_base_lr5e-06_drop0.5_bigger_mlp_epochs2_frozen_roberta,0.8013090044260025,0.3502783551812171,0.0232607182115316,0.8013090044260025,0.9767392817884684,0.6497216448187828,2.4277699310332537
exp_roberta_large_lr1e-05_drop0.3_epochs2_frozen_clip,0.8003321290016174,0.3493029773235321,0.023326802253723,0.8003321290016174,0.9766731977462768,0.6506970226764679,2.4277023494243624
exp_adamw_roberta_large_lr5e-06_drop0.5_gelu_epochs2_both_frozen,0.8048058152198792,0.3541283249855041,0.0233309477567672,0.8048058152198792,0.9766690522432327,0.6458716750144959,2.4273465424776077
exp_roberta_large_lr5e-06_drop0.3_epochs2_frozen_roberta,0.8012308925390244,0.3511295095086097,0.023399481549859,0.8012308925390244,0.976600518450141,0.6488704904913902,2.4267019014805555
exp_adamw_roberta_large_lr5e-06_drop0.5_gelu_epochs2_frozen_clip,0.8002688765525818,0.3504697501659393,0.0233593750745057,0.8002688765525818,0.9766406249254942,0.6495302498340607,2.4264397513121367
exp_adamw_roberta_base_lr5e-06_drop0.5_gelu_epochs2_both_frozen,0.805332601070404,0.3560230210423469,0.0235676974989473,0.805332601070404,0.9764323025010526,0.643976978957653,2.4257418825291097
exp_adamw_roberta_base_lr5e-06_drop0.5_bigger_mlp_epochs2_both_frozen,0.8050917088985443,0.356146477162838,0.0235673133283853,0.8050917088985443,0.9764326866716146,0.643853522837162,2.425377918407321
exp_adamw_roberta_large_lr1e-05_drop0.3_gelu_epochs5_frozen_roberta,0.8031365126371384,0.3558107167482376,0.0234895600005983,0.8031365126371384,0.9765104399994016,0.6441892832517624,2.4238362358883023
exp_adamw_roberta_large_lr5e-06_drop0.3_gelu_epochs2_frozen_clip,0.7971556305885314,0.3541427791118622,0.0237021669745444,0.7971556305885314,0.9762978330254556,0.6458572208881378,2.4193106845021246
exp_adamw_roberta_large_lr1e-05_drop0.3_gelu_epochs2_frozen_clip,0.7963515400886536,0.3566189706325531,0.0237674318253993,0.7963515400886536,0.9762325681746008,0.6433810293674469,2.4159651376307014
exp_adamw_roberta_large_lr1e-05_drop0.5_gelu_epochs2_frozen_clip,0.7960036396980286,0.3574700653553008,0.0238792389631271,0.7960036396980286,0.976120761036873,0.6425299346446991,2.4146543353796006
exp_adamw_roberta_large_lr5e-06_drop0.5_epochs5_frozen_roberta,0.8008316904306412,0.3630458489060401,0.0240408456884324,0.8008316904306412,0.9759591543115675,0.6369541510939598,2.4137449958361685
exp_adamw_roberta_large_lr1e-05_drop0.5_bigger_mlp_epochs5_frozen_roberta,0.7998938858509064,0.3625802248716354,0.0241857962682842,0.7998938858509064,0.9758142037317158,0.6374197751283646,2.4131278647109866
exp_adamw_roberta_base_lr1e-05_drop0.5_bigger_mlp_epochs5_frozen_roberta,0.7967651337385178,0.3613471761345863,0.0242315051145851,0.7967651337385178,0.975768494885415,0.6386528238654137,2.4111864524893463
exp_adamw_roberta_base_lr5e-06_drop0.5_bigger_mlp_epochs5_frozen_clip,0.7980440706014633,0.3657289296388625,0.0244228048250078,0.7980440706014633,0.9755771951749922,0.6342710703611374,2.407892336137593
exp_adamw_roberta_large_lr5e-06_drop0.5_bigger_mlp_epochs5_frozen_roberta,0.7990143448114395,0.3672857955098152,0.0243316246196627,0.7990143448114395,0.9756683753803372,0.6327142044901848,2.4073969246819615
exp_adamw_roberta_large_lr1e-05_drop0.3_epochs5_frozen_roberta,0.7973715364933014,0.366462081670761,0.0243634777143597,0.7973715364933014,0.9756365222856404,0.6335379183292389,2.4065459771081805
exp_roberta_large_lr5e-06_drop0.5_epochs5_frozen_roberta,0.7969392836093903,0.3664923012256622,0.0242715710774063,0.7969392836093903,0.9757284289225936,0.6335076987743378,2.4061754113063216
exp_roberta_base_lr1e-05_drop0.5_epochs5_frozen_roberta,0.7966242134571075,0.3674371764063835,0.0242676804773508,0.7966242134571075,0.975732319522649,0.6325628235936165,2.404919356573373
exp_adamw_roberta_large_lr5e-05_drop0.5_hierarchical_epochs5_both_frozen,0.7959085206190745,0.367901752392451,0.0244694004456201,0.7959085206190745,0.9755305995543798,0.632098247607549,2.403537367781003
exp_adamw_roberta_base_lr1e-05_drop0.3_epochs5_frozen_roberta,0.7932378351688385,0.3714166283607483,0.024676633067429,0.7932378351688385,0.975323366932571,0.6285833716392517,2.397144573740661
exp_adamw_roberta_base_lr5e-06_drop0.5_epochs5_frozen_clip,0.7940433025360107,0.372101828455925,0.024886721279472,0.7940433025360107,0.975113278720528,0.627898171544075,2.3970547528006136
exp_adamw_roberta_base_lr5e-06_drop0.5_gelu_epochs5_frozen_clip,0.7945155799388885,0.373001255095005,0.0247984156012534,0.7945155799388885,0.9752015843987464,0.626998744904995,2.39671590924263
exp_adamw_roberta_large_lr5e-05_drop0.3_hierarchical_epochs5_both_frozen,0.7943447728951772,0.3734330087900162,0.0248244344256817,0.7943447728951772,0.9751755655743182,0.6265669912099838,2.3960873296794793
exp_adamw_roberta_base_lr1e-05_drop0.3_bigger_mlp_epochs5_frozen_roberta,0.7934507727622986,0.3754399195313453,0.0248961299657821,0.7934507727622986,0.9751038700342178,0.6245600804686546,2.393114723265171
exp_roberta_base_lr5e-06_drop0.5_epochs5_frozen_clip,0.7917554080486298,0.3758491426706314,0.0251006446778773,0.7917554080486298,0.9748993553221226,0.6241508573293686,2.390805620700121
exp_adamw_roberta_base_lr5e-06_drop0.3_epochs5_frozen_clip,0.7918450087308884,0.3764063119888305,0.0250957258976995,0.7918450087308884,0.9749042741023004,0.6235936880111694,2.390342970844358
exp_adamw_roberta_base_lr5e-06_drop0.5_bigger_mlp_epochs5,0.7924314886331558,0.3776787370443344,0.0250893840566277,0.7924314886331558,0.9749106159433722,0.6223212629556656,2.3896633675321937
exp_adamw_roberta_large_lr5e-05_drop0.5_hierarchical_epochs5_frozen_roberta,0.7923654417196909,0.3789180318514506,0.0249390642469127,0.7923654417196909,0.9750609357530872,0.6210819681485493,2.388508345621328
exp_roberta_large_lr1e-05_drop0.3_epochs5_frozen_roberta,0.7896655440330506,0.3768539309501647,0.024977932870388,0.7896655440330506,0.975022067129612,0.6231460690498353,2.387833680212498
exp_roberta_large_lr5e-06_drop0.3_epochs5_frozen_roberta,0.7912881672382355,0.3793848603963852,0.0250011035241186,0.7912881672382355,0.9749988964758812,0.6206151396036148,2.3869022033177316
exp_adamw_roberta_large_lr5e-06_drop0.3_bigger_mlp_epochs5_frozen_roberta,0.7908120453357697,0.3789368644356727,0.0249945609830319,0.7908120453357697,0.975005439016968,0.6210631355643272,2.386880619917065
exp_adamw_roberta_base_lr5e-06_drop0.5_epochs5_frozen_roberta,0.7900397181510925,0.3787147030234337,0.025223895907402,0.7900397181510925,0.974776104092598,0.6212852969765663,2.386101119220257
exp_adamw_roberta_base_lr5e-06_drop0.3_bigger_mlp_epochs5_frozen_clip,0.7910171449184418,0.3799983933568001,0.0253338646143674,0.7910171449184418,0.9746661353856326,0.6200016066431999,2.385684886947274
exp_roberta_base_lr5e-06_drop0.3_epochs5_frozen_clip,0.7901867479085922,0.3794786334037781,0.0252930507995187,0.7901867479085922,0.9747069492004812,0.6205213665962219,2.3854150637052953
exp_adamw_roberta_large_lr5e-06_drop0.5_gelu_epochs5_frozen_roberta,0.7898246794939041,0.3804268836975097,0.0250715790316461,0.7898246794939041,0.974928420968354,0.6195731163024902,2.384326216764748
exp_roberta_base_lr1e-05_drop0.3_epochs5_frozen_roberta,0.7872731208801269,0.3787957310676574,0.0250733543187379,0.7872731208801269,0.974926645681262,0.6212042689323425,2.383404035493731
exp_adamw_roberta_large_lr5e-06_drop0.5_epochs5_frozen_clip,0.7896219789981842,0.3814599514007568,0.0252865822985767,0.7896219789981842,0.9747134177014232,0.6185400485992432,2.3828754452988505
exp_adamw_roberta_large_lr5e-06_drop0.3_epochs5_frozen_roberta,0.7900774478912354,0.3825017437338829,0.025275798048824,0.7900774478912354,0.974724201951176,0.6174982562661171,2.3822999061085284
exp_adamw_roberta_large_lr5e-06_drop0.3_epochs5,0.7895509451627731,0.3833370879292488,0.0253901001997291,0.7895509451627731,0.9746098998002708,0.6166629120707512,2.380823757033795
exp_adamw_roberta_base_lr5e-06_drop0.3_gelu_epochs5_frozen_clip,0.7894149571657181,0.383877769112587,0.02552358713001,0.7894149571657181,0.97447641286999,0.616122230887413,2.380013600923121
exp_adamw_roberta_base_lr5e-06_drop0.3_epochs5,0.7885816395282745,0.3838986977934837,0.025452822446823,0.7885816395282745,0.9745471775531768,0.6161013022065163,2.3792301192879677
exp_adamw_roberta_large_lr5e-06_drop0.3_gelu_epochs5_frozen_roberta,0.7888994067907333,0.3852901980280875,0.0254351845942437,0.7888994067907333,0.9745648154057563,0.6147098019719124,2.378174024168402
exp_adamw_roberta_large_lr5e-06_drop0.5_bigger_mlp_epochs5_frozen_clip,0.787456139922142,0.3849894031882286,0.0255556441843509,0.787456139922142,0.974444355815649,0.6150105968117714,2.3769110925495625
exp_adamw_roberta_large_lr5e-06_drop0.5_epochs5,0.7894305288791656,0.3875937238335609,0.0255190408788621,0.7894305288791656,0.974480959121138,0.6124062761664391,2.3763177641667426
exp_adamw_roberta_base_lr1e-05_drop0.5_gelu_epochs5_frozen_roberta,0.7876868098974228,0.3857442140579223,0.0256337304599582,0.7876868098974228,0.9743662695400418,0.6142557859420776,2.376308865379542
exp_adamw_roberta_base_lr5e-06_drop0.5_gelu_epochs5,0.7900247871875763,0.3888227567076683,0.0257360120303928,0.7900247871875763,0.9742639879696072,0.6111772432923317,2.375466018449515
exp_roberta_base_lr5e-06_drop0.5_epochs5,0.788741409778595,0.3884187415242194,0.0257567260414361,0.788741409778595,0.9742432739585638,0.6115812584757805,2.3745659422129393
exp_adamw_roberta_base_lr5e-06_drop0.3_gelu_epochs5_frozen_roberta,0.7887716144323349,0.388619340956211,0.025679150596261,0.7887716144323349,0.974320849403739,0.6113806590437889,2.374473122879863
exp_adamw_roberta_base_lr1e-05_drop0.5_epochs5_frozen_roberta,0.7847158759832382,0.3855094313621521,0.0256161112338304,0.7847158759832382,0.9743838887661695,0.6144905686378479,2.3735903333872557
exp_adamw_roberta_large_lr5e-05_drop0.3_hierarchical_epochs5_frozen_roberta,0.7868587573369344,0.3885315284132957,0.0256991156687338,0.7868587573369344,0.9743008843312662,0.6114684715867043,2.3726281132549047
exp_adamw_roberta_base_lr5e-06_drop0.3_bigger_mlp_epochs5_frozen_roberta,0.7871642708778381,0.3892632350325584,0.0256789494305848,0.7871642708778381,0.9743210505694152,0.6107367649674416,2.372222086414695
exp_adamw_roberta_large_lr5e-06_drop0.5_gelu_epochs5,0.7888265550136566,0.3912283107638359,0.0256434902548789,0.7888265550136566,0.974356509745121,0.6087716892361641,2.3719547539949417
exp_adamw_roberta_base_lr5e-06_drop0.5_bigger_mlp_epochs5_frozen_roberta,0.7856326699256897,0.3878394141793251,0.0259243897162377,0.7856326699256897,0.9740756102837622,0.6121605858206749,2.371868866030127
exp_adamw_roberta_base_lr5e-06_drop0.5_epochs5,0.7867570966482162,0.389750175178051,0.0261059957556426,0.7867570966482162,0.9738940042443572,0.610249824821949,2.3709009257145226
exp_adamw_roberta_base_lr1e-05_drop0.3_gelu_epochs5_frozen_roberta,0.7861078083515167,0.3897371888160705,0.0258332979865371,0.7861078083515167,0.9741667020134628,0.6102628111839294,2.370537321548909
exp_adamw_roberta_large_lr1e-05_drop0.3_bigger_mlp_epochs5_frozen_roberta,0.7878018617630005,0.3925028219819069,0.025658234488219,0.7878018617630005,0.974341765511781,0.6074971780180931,2.3696408052928746
exp_adamw_roberta_large_lr5e-05_drop0.5_hierarchical_epochs5,0.7857798337936401,0.391755352417628,0.0256599516918261,0.7857798337936401,0.974340048308174,0.608244647582372,2.368364529684186
exp_adamw_roberta_base_lr5e-06_drop0.3_bigger_mlp_epochs5,0.7865206897258759,0.392634317278862,0.0259807570837437,0.7865206897258759,0.9740192429162562,0.607365682721138,2.36790561536327
exp_adamw_roberta_base_lr1e-05_drop0.5_epochs5,0.7854669541120529,0.3928154408931732,0.026111711282283,0.7854669541120529,0.9738882887177168,0.6071845591068268,2.3665398019365966
exp_adamw_roberta_base_lr5e-06_drop0.5_gelu_epochs5_frozen_roberta,0.7848436683416367,0.3929307088255882,0.0260729026049375,0.7848436683416367,0.9739270973950624,0.6070692911744118,2.365840056911111
exp_adamw_roberta_base_lr1e-05_drop0.5_bigger_mlp_epochs5,0.7865681499242783,0.3950488641858101,0.0262179444544016,0.7865681499242783,0.9737820555455984,0.6049511358141899,2.3653013412840664
exp_adamw_roberta_large_lr5e-06_drop0.3_epochs5_frozen_clip,0.7846585512161255,0.393448144197464,0.0260415757074951,0.7846585512161255,0.9739584242925048,0.606551855802536,2.3651688313111663
exp_adamw_roberta_large_lr5e-06_drop0.3_gelu_epochs5,0.7861117720603943,0.3957717716693878,0.0258135441690683,0.7861117720603943,0.9741864558309316,0.6042282283306122,2.364526456221938
exp_adamw_roberta_large_lr5e-05_drop0.5_hierarchical_epochs5_frozen_clip,0.7866143683592478,0.397492562731107,0.0258451855430999,0.7866143683592478,0.9741548144569,0.602507437268893,2.363276620085041
exp_roberta_large_lr5e-06_drop0.5_epochs5_frozen_clip,0.7844692468643188,0.395355887711048,0.0261355773545801,0.7844692468643188,0.97386442264542,0.6046441122889519,2.3629777817986906
exp_adamw_roberta_base_lr5e-06_drop0.3_epochs5_frozen_roberta,0.7833461761474609,0.3941909819841385,0.0261790007352828,0.7833461761474609,0.9738209992647172,0.6058090180158615,2.3629761934280396
exp_adamw_roberta_large_lr5e-06_drop0.3_bigger_mlp_epochs5,0.7847142368555069,0.3956950679421425,0.0261528315022587,0.7847142368555069,0.9738471684977412,0.6043049320578575,2.3628663374111056
exp_roberta_large_lr5e-06_drop0.5_epochs5,0.7835047046343485,0.3946626285711924,0.02613969023029,0.7835047046343485,0.97386030976971,0.6053373714288075,2.3627023858328657
exp_adamw_roberta_large_lr5e-06_drop0.5_bigger_mlp_epochs5,0.7834038883447647,0.395685575902462,0.026174061000347,0.7834038883447647,0.973825938999653,0.604314424097538,2.3615442514419556
exp_roberta_base_lr5e-06_drop0.3_epochs5,0.7840137928724289,0.3962263911962509,0.0262495041824876,0.7840137928724289,0.9737504958175124,0.6037736088037491,2.3615378974936903
exp_adamw_roberta_large_lr5e-05_drop0.3_hierarchical_epochs5,0.7835034926732382,0.3962482040127118,0.0260590763452151,0.7835034926732382,0.9739409236547848,0.6037517959872882,2.361196212315311
exp_roberta_base_lr5e-06_drop0.5_epochs5_frozen_roberta,0.7814929932355881,0.3941908106207847,0.0261574597097933,0.7814929932355881,0.9738425402902068,0.6058091893792152,2.36114472290501
exp_roberta_base_lr5e-06_drop0.3_epochs5_frozen_roberta,0.7830822169780731,0.3963922634720802,0.0261933202855288,0.7830822169780731,0.9738066797144712,0.6036077365279198,2.360496633220464
exp_adamw_roberta_base_lr5e-06_drop0.3_gelu_epochs5,0.7845586687326431,0.3983365967869758,0.0262501970864832,0.7845586687326431,0.9737498029135168,0.6016634032130241,2.359971874859184
exp_roberta_base_lr1e-05_drop0.5_epochs5,0.7842956781387329,0.3991700038313865,0.026287986896932,0.7842956781387329,0.973712013103068,0.6008299961686134,2.358837687410414
exp_adamw_roberta_large_lr5e-06_drop0.3_gelu_epochs5_frozen_clip,0.782602921128273,0.3985422477126121,0.0263084806501865,0.782602921128273,0.9736915193498136,0.6014577522873878,2.3577521927654743
exp_roberta_large_lr5e-06_drop0.3_epochs5,0.782948449254036,0.4004088267683983,0.0263961339369415,0.782948449254036,0.9736038660630584,0.5995911732316017,2.356143488548696
exp_adamw_roberta_large_lr1e-05_drop0.5_epochs5,0.7829166948795319,0.4031902328133583,0.0263657239265739,0.7829166948795319,0.973634276073426,0.5968097671866417,2.3533607381395996
exp_adamw_roberta_large_lr5e-06_drop0.3_bigger_mlp_epochs5_frozen_clip,0.78094582259655,0.4016313701868057,0.0265668407082557,0.78094582259655,0.9734331592917445,0.5983686298131943,2.3527476117014885
exp_adamw_roberta_base_lr1e-05_drop0.5_gelu_epochs5,0.7824456691741943,0.4029565081000328,0.0268537579104303,0.7824456691741943,0.9731462420895696,0.5970434918999672,2.352635403163731
exp_adamw_roberta_base_lr1e-05_drop0.5_gelu_epochs5_frozen_clip,0.7823164016008377,0.4040460214018821,0.0265149679034948,0.7823164016008377,0.9734850320965052,0.5959539785981178,2.3517554122954607
exp_adamw_roberta_large_lr5e-06_drop0.5_gelu_epochs5_frozen_clip,0.7792878895998001,0.4016117081046104,0.0266370391473173,0.7792878895998001,0.9733629608526826,0.5983882918953896,2.3510391423478723
exp_roberta_large_lr5e-06_drop0.3_epochs5_frozen_clip,0.7805063426494598,0.4052120298147201,0.0267303436994552,0.7805063426494598,0.9732696563005448,0.5947879701852798,2.3485639691352844
exp_adamw_roberta_base_lr1e-05_drop0.5_bigger_mlp_epochs5_frozen_clip,0.7799885123968124,0.4056992903351783,0.0269683580845594,0.7799885123968124,0.9730316419154406,0.5943007096648216,2.347320863977074
exp_adamw_roberta_large_lr1e-05_drop0.3_bigger_mlp_epochs5,0.7790021449327469,0.4074043408036231,0.026742533314973,0.7790021449327469,0.9732574666850268,0.5925956591963768,2.3448552708141506
exp_adamw_roberta_base_lr1e-05_drop0.5_epochs5_frozen_clip,0.7793846428394318,0.4073662906885147,0.0271687391214072,0.7793846428394318,0.9728312608785928,0.5926337093114853,2.34484961302951
exp_adamw_roberta_large_lr5e-05_drop0.3_hierarchical_epochs5_frozen_clip,0.7793310582637787,0.4107227027416229,0.0268006613478064,0.7793310582637787,0.9731993386521935,0.5892772972583771,2.3418076941743493
exp_adamw_roberta_large_lr1e-05_drop0.5_bigger_mlp_epochs5,0.7787045339743296,0.4113361785809199,0.027059353267153,0.7787045339743296,0.972940646732847,0.58866382141908,2.340309002126257
exp_roberta_base_lr1e-05_drop0.5_epochs5_frozen_clip,0.7781780958175659,0.4119543507695198,0.0272141899913549,0.7781780958175659,0.9727858100086452,0.5880456492304802,2.339009555056691
exp_roberta_large_lr1e-05_drop0.5_epochs5,0.7783743143081665,0.4132769703865051,0.0270015434361993,0.7783743143081665,0.9729984565638006,0.5867230296134949,2.338095800485462
exp_adamw_roberta_base_lr1e-05_drop0.3_bigger_mlp_epochs5_frozen_clip,0.7776205539703369,0.4134062230587005,0.0274242707528173,0.7776205539703369,0.9725757292471826,0.5865937769412994,2.336790060158819
exp_adamw_roberta_large_lr1e-05_drop0.5_bigger_mlp_epochs5_frozen_clip,0.7778092920780182,0.4143506735563278,0.0272644696136315,0.7778092920780182,0.9727355303863684,0.5856493264436722,2.336194148908059
exp_adamw_roberta_base_lr1e-05_drop0.3_gelu_epochs5,0.7774683386087418,0.4157873168587684,0.0274616917595267,0.7774683386087418,0.9725383082404732,0.5842126831412315,2.3342193299904466
exp_roberta_base_lr1e-05_drop0.3_epochs5,0.7721281170845031,0.411891883611679,0.0273026905953883,0.7721281170845031,0.9726973094046116,0.588108116388321,2.3329335428774356
exp_adamw_roberta_large_lr1e-05_drop0.5_gelu_epochs5_frozen_clip,0.7753849029541016,0.4185230284929275,0.0273959999904036,0.7753849029541016,0.9726040000095963,0.5814769715070724,2.3294658744707704
exp_adamw_roberta_large_lr1e-05_drop0.5_epochs5_frozen_clip,0.7750754356384277,0.4183893948793411,0.0273913699202239,0.7750754356384277,0.972608630079776,0.5816106051206589,2.3292946708388627
exp_adamw_roberta_base_lr1e-05_drop0.3_epochs5_frozen_clip,0.774044468998909,0.4190680682659149,0.0279012289829551,0.774044468998909,0.9720987710170448,0.5809319317340851,2.327075171750039
exp_roberta_base_lr1e-05_drop0.3_epochs5_frozen_clip,0.7735103964805603,0.4190690368413925,0.0276862788014113,0.7735103964805603,0.9723137211985886,0.5809309631586075,2.3267550808377564
exp_adamw_roberta_base_lr1e-05_drop0.3_bigger_mlp_epochs5,0.7727795839309692,0.4184267371892929,0.0281136445701122,0.7727795839309692,0.9718863554298878,0.5815732628107071,2.326239202171564
exp_adamw_roberta_large_lr1e-05_drop0.3_gelu_epochs5_frozen_clip,0.7748029828071594,0.4215263724327087,0.0276318322867154,0.7748029828071594,0.9723681677132846,0.5784736275672913,2.325644778087735
exp_adamw_roberta_large_lr1e-05_drop0.5_gelu_epochs5,0.7724635750055313,0.4208215549588203,0.0275141154415905,0.7724635750055313,0.9724858845584096,0.5791784450411797,2.3241279046051204
exp_adamw_roberta_base_lr1e-05_drop0.3_gelu_epochs5_frozen_clip,0.7729922980070114,0.4218270406126976,0.0279157371260225,0.7729922980070114,0.9720842628739774,0.5781729593873024,2.3232495202682912
exp_roberta_large_lr1e-05_drop0.5_epochs5_frozen_clip,0.7730571776628494,0.4241105541586876,0.0277921766974031,0.7730571776628494,0.9722078233025968,0.5758894458413124,2.321154446806758
exp_adamw_roberta_large_lr1e-05_drop0.3_epochs5_frozen_clip,0.7737625390291214,0.4260839819908141,0.0277665732428431,0.7737625390291214,0.9722334267571568,0.5739160180091858,2.319911983795464
exp_adamw_roberta_base_lr1e-05_drop0.3_epochs5,0.7709137201309204,0.4235247820615768,0.0280799944885074,0.7709137201309204,0.9719200055114926,0.5764752179384232,2.319308943580836
exp_adamw_roberta_large_lr1e-05_drop0.3_bigger_mlp_epochs5_frozen_clip,0.7710065841674805,0.4260803312063216,0.0278867222368716,0.7710065841674805,0.9721132777631284,0.5739196687936783,2.317039530724287
exp_adamw_roberta_large_lr1e-05_drop0.3_epochs5,0.7712168395519257,0.42812180519104,0.0278550912626087,0.7712168395519257,0.9721449087373912,0.57187819480896,2.315239943098277
exp_roberta_large_lr1e-05_drop0.3_epochs5,0.7679156541824341,0.4264289498329162,0.0279394049197434,0.7679156541824341,0.9720605950802566,0.5735710501670838,2.3135472994297746
exp_adamw_roberta_large_lr1e-05_drop0.3_gelu_epochs5,0.7711158394813538,0.4344085827469825,0.0281918365508317,0.7711158394813538,0.9718081634491684,0.5655914172530174,2.3085154201835394
exp_roberta_large_lr1e-05_drop0.3_epochs5_frozen_clip,0.7683748602867126,0.4361380875110626,0.028503144159913,0.7683748602867126,0.9714968558400868,0.5638619124889374,2.303733628615737
